lib	alg	dim	median_ratio
Baselines	DE	2	2.34484e-06
Baselines	RCobyla	2	0.0389464
Baselines	PSO	2	3.40038
Baselines	RandomSearch	2	1
Baselines	DiagonalCMA	2	1.20021e-05
Baselines	modcma	2	0
Baselines	modde	2	0
Baselines	OnePlusOne	2	4.16469
Baselines	Powell	2	9.50553e-11
Baselines	MultiBFGS	2	0
Baselines	lshade	2	0
Baselines	bipop	2	0
EVOLOPY	DE	2	0
EVOLOPY	JAYA	2	0.0516448
EVOLOPY	PSO	2	0
EVOLOPY	WOA	2	0.0280363
EVOLOPY	FFA	2	1.44133e-06
EVOLOPY	BAT	2	3.47451
EVOLOPY	MVO	2	0.00014182
EVOLOPY	HHO	2	0.0370432
EVOLOPY	SCA	2	0.15108
EVOLOPY	GA	2	0.475678
EVOLOPY	MFO	2	0.00659967
EVOLOPY	CS	2	0
EVOLOPY	GWO	2	0.00056004
EVOLOPY	SSA	2	0.0438344
NIAPY	DynamicFireworksAlgorithm	2	0.861579
NIAPY	HarmonySearch	2	0.0351687
NIAPY	EvolutionStrategyMp1	2	0
NIAPY	MonarchButterflyOptimization	2	8.90624
NIAPY	CenterParticleSwarmOptimization	2	0
NIAPY	DynNpDifferentialEvolution	2	3.2356
NIAPY	CamelAlgorithm	2	0.0893374
NIAPY	BatAlgorithm	2	0.419295
NIAPY	GlowwormSwarmOptimization	2	5.51947
NIAPY	BareBonesFireworksAlgorithm	2	2.17812
NIAPY	CuckooSearch	2	0
NIAPY	GeneticAlgorithm	2	1.01949
NIAPY	ParticleSwarmAlgorithm	2	0
NIAPY	MonkeyKingEvolutionV3	2	15.2815
NIAPY	MonkeyKingEvolutionV2	2	3.6602e-05
NIAPY	SineCosineAlgorithm	2	241.72
NIAPY	EvolutionStrategy1p1	2	0.0320429
NIAPY	HarrisHawksOptimization	2	0.0065496
NIAPY	ParticleSwarmOptimization	2	0.880043
NIAPY	ForestOptimizationAlgorithm	2	0.050654
NIAPY	EnhancedFireworksAlgorithm	2	1.01738
NIAPY	MultiStrategyDifferentialEvolution	2	0
NIAPY	MutatedParticleSwarmOptimization	2	0
NIAPY	ComprehensiveLearningParticleSwarmOptimizer	2	0.000361947
NIAPY	KrillHerd	2	12.1263
NIAPY	FishSchoolSearch	2	0.0394836
NIAPY	MutatedCenterUnifiedParticleSwarmOptimization	2	0
NIAPY	MutatedCenterParticleSwarmOptimization	2	0
NIAPY	GlowwormSwarmOptimizationV2	2	5.97441
NIAPY	CatSwarmOptimization	2	0.0712588
NIAPY	DifferentialEvolution	2	0
NIAPY	FireworksAlgorithm	2	0.402186
NIAPY	MothFlameOptimizer	2	7.75205
NIAPY	DynNpMultiStrategyDifferentialEvolution	2	4.75945e-08
NIAPY	EvolutionStrategyML	2	0.157421
NIAPY	GreyWolfOptimizer	2	0.000385338
NIAPY	HarmonySearchV1	2	0.394953
NIAPY	BeesAlgorithm	2	0.00266354
NIAPY	GlowwormSwarmOptimizationV1	2	5.80433
NIAPY	GlowwormSwarmOptimizationV3	2	5.85459
NIAPY	LionOptimizationAlgorithm	2	0.0215695
NIAPY	ArtificialBeeColonyAlgorithm	2	0.00466681
NIAPY	AgingNpDifferentialEvolution	2	0.0961664
NIAPY	OppositionVelocityClampingParticleSwarmOptimization	2	1.2561
NIAPY	CoralReefsOptimization	2	2.03647
NIAPY	BacterialForagingOptimization	2	0.0991023
NIAPY	DynamicFireworksAlgorithmGauss	2	0.846051
NIAPY	ClonalSelectionAlgorithm	2	6.16056
NIAPY	GravitationalSearchAlgorithm	2	22.5235
NIAPY	MonkeyKingEvolutionV1	2	4.66448e-06
NIAPY	EvolutionStrategyMpL	2	0.000456313
NIAPY	FireflyAlgorithm	2	0.102393
NIAPY	FlowerPollinationAlgorithm	2	7.47159e-09
OPYTIMIZER	SA	2	0.357433
OPYTIMIZER	GOGHS	2	1.4623
OPYTIMIZER	QSA	2	0
OPYTIMIZER	SGHS	2	6.3051
OPYTIMIZER	DE	2	0
OPYTIMIZER	RFO	2	0.000149568
OPYTIMIZER	PPA	2	0.496536
OPYTIMIZER	EHO	2	0.120299
OPYTIMIZER	AEO	2	0
OPYTIMIZER	ABO	2	6.15275e-05
OPYTIMIZER	GHS	2	4.2398
OPYTIMIZER	PVS	2	0
OPYTIMIZER	BWO	2	3.74522
OPYTIMIZER	PSO	2	3.43215e-07
OPYTIMIZER	BSO	2	0.00607009
OPYTIMIZER	CSA	2	0.656039
OPYTIMIZER	SSO	2	29.31
OPYTIMIZER	WOA	2	0.00190878
OPYTIMIZER	BA	2	0.000164541
OPYTIMIZER	HS	2	0.954623
OPYTIMIZER	JS	2	0.427651
OPYTIMIZER	SOS	2	0
OPYTIMIZER	GS	2	154.561
OPYTIMIZER	EFO	2	0.0854508
OPYTIMIZER	GSA	2	81.4515
OPYTIMIZER	ESA	2	0.906413
OPYTIMIZER	BOA	2	227.574
OPYTIMIZER	HC	2	1.21437
OPYTIMIZER	ABC	2	0
OPYTIMIZER	RRA	2	0.0498633
OPYTIMIZER	NDS	2	157.723
OPYTIMIZER	NBJS	2	0.220571
OPYTIMIZER	SSD	2	132.979
OPYTIMIZER	CEM	2	2.3321
OPYTIMIZER	AOA	2	5.80524
OPYTIMIZER	MRFO	2	0.00548657
OPYTIMIZER	ASO	2	2301.91
OPYTIMIZER	SFO	2	4.803
OPYTIMIZER	IHS	2	1.74976
OPYTIMIZER	COA	2	0
OPYTIMIZER	GOA	2	7.05774e-05
OPYTIMIZER	STOA	2	12.8588
OPYTIMIZER	MVPA	2	0
OPYTIMIZER	ES	2	0.000563619
OPYTIMIZER	AIWPSO	2	6.55905e-05
OPYTIMIZER	ISA	2	97.1308
OPYTIMIZER	EO	2	0
OPYTIMIZER	AF	2	3755.58
OPYTIMIZER	DOA	2	1.67452e-05
OPYTIMIZER	PIO	2	1.22199
OPYTIMIZER	HHO	2	0.00772917
OPYTIMIZER	BSA	2	0.317494
OPYTIMIZER	TEO	2	1.68514
OPYTIMIZER	FA	2	91.7141
OPYTIMIZER	WWO	2	9.06173e-10
OPYTIMIZER	IWO	2	0.000181666
OPYTIMIZER	KH	2	0.0159784
OPYTIMIZER	FOA	2	0.503308
OPYTIMIZER	RPSO	2	0
OPYTIMIZER	SCA	2	4.41104
OPYTIMIZER	OSA	2	4.48236
OPYTIMIZER	WDO	2	55.8503
OPYTIMIZER	LSA	2	0
OPYTIMIZER	VPSO	2	1.53672e-06
OPYTIMIZER	SBO	2	0.00136432
OPYTIMIZER	GA	2	0.0149648
OPYTIMIZER	MFO	2	0.000425731
OPYTIMIZER	CS	2	0
OPYTIMIZER	FSO	2	9.0466e-08
OPYTIMIZER	NGHS	2	5.86417
OPYTIMIZER	GCO	2	0
OPYTIMIZER	TWO	2	0
OPYTIMIZER	WEO	2	0
OPYTIMIZER	GWO	2	0.0235235
OPYTIMIZER	SAVPSO	2	1.62209e-05
OPYTIMIZER	FFOA	2	28.1294
OPYTIMIZER	AIG	2	7.70643e-05
OPYTIMIZER	BH	2	0.171897
OPYTIMIZER	CI	2	2.88119
OPYTIMIZER	SSA	2	0
OPYTIMIZER	AO	2	1.68908
OPYTIMIZER	MVO	2	0.000761186
mealpy	LevyTWO	2	0.110951
mealpy	OriginalTLO	2	0
mealpy	GWO	2	0.306014
mealpy	OriginalBBO	2	6.53825
mealpy	ABFO	2	2.02227
mealpy	OriginalWHO	2	0.00142084
mealpy	OriginalFFA	2	0.168026
mealpy	BaseSARO	2	0
mealpy	OriginalSMA	2	0.0464673
mealpy	SingleGA	2	24.6541
mealpy	OriginalSSDO	2	1.62633
mealpy	OriginalFPA	2	4.62159e-06
mealpy	OriginalSSO	2	1.85377
mealpy	OriginalMA	2	28.508
mealpy	OriginalCEM	2	0.178696
mealpy	OCRO	2	0.227642
mealpy	OriginalBA	2	50.8846
mealpy	OriginalAEO	2	0
mealpy	OriginalBSO	2	0.161983
mealpy	OriginalBFO	2	8.43207
mealpy	ImprovedSLO	2	0
mealpy	OriginalLCO	2	0
mealpy	OriginalHGS	2	0.000106812
mealpy	BaseALO	2	0.518288
mealpy	CPSO	2	1.36961
mealpy	OriginalEO	2	0
mealpy	DE	2	3.31937
mealpy	ModifiedBA	2	0.0614737
mealpy	BaseTLO	2	0
mealpy	OriginalPFA	2	8.03026
mealpy	BaseFOA	2	110.65
mealpy	OriginalGBO	2	2.75455e-05
mealpy	TVAC	2	0
mealpy	BaseFBIO	2	0
mealpy	ImprovedBSO	2	0.438834
mealpy	OriginalAO	2	4.32978
mealpy	BaseGSKA	2	0
mealpy	BaseLCO	2	0
mealpy	OriginalSSpiderA	2	0.90077
mealpy	BaseHS	2	0.928805
mealpy	AdaptiveEO	2	0
mealpy	OriginalWCA	2	0
mealpy	OriginalMRFO	2	0
mealpy	OriginalEOA	2	1.04486
mealpy	OriginalABC	2	0.000231881
mealpy	ModifiedAEO	2	0
mealpy	OriginalSFO	2	2.41084
mealpy	BaseBBO	2	7.26643
mealpy	OriginalNMRA	2	0
mealpy	OriginalACOR	2	0.000655355
mealpy	ImprovedSFO	2	1.22765
mealpy	OriginalCRO	2	2.48234
mealpy	LevyJA	2	0.0193605
mealpy	OriginalHS	2	0.797983
mealpy	OriginalCSO	2	1.00009
mealpy	OriginalCOA	2	0.0726954
mealpy	LevyQSA	2	0
mealpy	OppoQSA	2	0
mealpy	BaseBRO	2	0.789987
mealpy	OriginalSLO	2	0.0513527
mealpy	OriginalMVO	2	0.348879
mealpy	CLPSO	2	0.0259555
mealpy	OriginalNRO	2	0
mealpy	BaseSCA	2	0.112765
mealpy	BaseGCO	2	0
mealpy	OriginalArchOA	2	0.0397957
mealpy	SwarmHC	2	0.0501412
mealpy	ImprovedTLO	2	0
mealpy	OriginalMSA	2	1.13009e-08
mealpy	WOA	2	0
mealpy	OriginalIWO	2	0.194705
mealpy	BaseGA	2	2.77876
mealpy	ModifiedEO	2	6.5838e-10
mealpy	ImprovedNMRA	2	1.70652
mealpy	BaseCHIO	2	4.6661
mealpy	OriginalHHO	2	0.000308371
mealpy	OriginalGWO	2	0.00575981
mealpy	ImprovedQSA	2	0
mealpy	OriginalFBIO	2	0
mealpy	OriginalBeesA	2	0.00283636
mealpy	BaseEFO	2	0
mealpy	OriginalSA	2	0.0356186
mealpy	OriginalHC	2	3.33324
mealpy	OriginalSHO	2	0.524322
mealpy	JADE	2	0
mealpy	OriginalCA	2	3.53097
mealpy	EnhancedTWO	2	0.0714562
mealpy	BaseSSA	2	6.65447e-09
mealpy	OriginalAOA	2	91.9034
mealpy	OriginalQSA	2	0
mealpy	OriginalGOA	2	1.64864e-05
mealpy	EnhancedAEO	2	0
mealpy	OriginalGSKA	2	1.29972e-05
mealpy	PPSO	2	0
mealpy	OriginalCGO	2	0
mealpy	OriginalHGSO	2	1.07192
mealpy	OriginalSBO	2	0.00078843
mealpy	OppoTWO	2	0.0739453
mealpy	OriginalASO	2	26.4225
mealpy	ModifiedSLO	2	0.00216736
mealpy	BaseVCS	2	0
mealpy	LSHADE	2	0
mealpy	OriginalEFO	2	6.93766
mealpy	OriginalJA	2	1.91987
mealpy	OriginalGCO	2	0
mealpy	OriginalPSS	2	0.0138959
mealpy	OriginalEHO	2	0.190702
mealpy	OriginalSSA	2	2.8634e-05
mealpy	OriginalSCA	2	0.127335
mealpy	OriginalBES	2	0
mealpy	BaseSBO	2	0.107399
mealpy	BaseJA	2	0.124764
mealpy	OriginalSARO	2	0
mealpy	OriginalSRSR	2	1.62467e-05
mealpy	OriginalTWO	2	0.00665838
mealpy	OriginalWDO	2	8.31041
mealpy	AugmentedAEO	2	0
mealpy	OriginalWOA	2	0
mealpy	SADE	2	0
mealpy	OriginalBRO	2	2.28476
mealpy	OriginalSSpiderO	2	1.43504
mealpy	ProbBeesA	2	0.470401
mealpy	OriginalFA	2	0.765162
mealpy	OriginalCSA	2	2.3394
mealpy	OriginalALO	2	0.510302
mealpy	OriginalDO	2	1.57266
mealpy	OriginalCHIO	2	1
mealpy	OriginalBSA	2	6.4978e-06
mealpy	LevyEP	2	0.0117159
mealpy	OriginalICA	2	8.35855e-05
mealpy	ImprovedLCO	2	0.281574
mealpy	OriginalMFO	2	8.30029
mealpy	ImprovedAEO	2	0
mealpy	OriginalVCS	2	0.0462744
mealpy	AdaptiveBA	2	11.2389
mealpy	MultiGA	2	25.6605
mealpy	OriginalES	2	0.0826719
mealpy	LevyES	2	5.58565e-06
mealpy	OriginalEP	2	0.558614
mealpy	BaseSMA	2	0.0474
mealpy	OriginalPSO	2	18.0445
mealpy	FBUDGETSHADE	2	0
mealpy	OriginalFOA	2	110.934
mealpy	BaseQSA	2	0
mealpy	BaseMFO	2	0
mealpy	BaseDE	2	0
mealpy	WhaleFOA	2	110.787
Baselines	DE	5	0.00890635
Baselines	RCobyla	5	0.194156
Baselines	PSO	5	4.59537
Baselines	RandomSearch	5	0.986672
Baselines	DiagonalCMA	5	0.00468015
Baselines	modcma	5	0
Baselines	modde	5	4.4064e-09
Baselines	OnePlusOne	5	0.552566
Baselines	Powell	5	0.0628158
Baselines	MultiBFGS	5	4.3596e-07
Baselines	lshade	5	0
Baselines	bipop	5	0
EVOLOPY	DE	5	4.01456e-05
EVOLOPY	JAYA	5	0.338904
EVOLOPY	PSO	5	0.0853546
EVOLOPY	WOA	5	0.433935
EVOLOPY	FFA	5	0.0267172
EVOLOPY	BAT	5	1.32826
EVOLOPY	MVO	5	0.0177343
EVOLOPY	HHO	5	0.385061
EVOLOPY	SCA	5	0.472437
EVOLOPY	GA	5	0.184272
EVOLOPY	MFO	5	0.224646
EVOLOPY	CS	5	1.3431e-05
EVOLOPY	GWO	5	0.0815866
EVOLOPY	SSA	5	0.0382871
NIAPY	DynamicFireworksAlgorithm	5	0.0362824
NIAPY	HarmonySearch	5	0.0683662
NIAPY	EvolutionStrategyMp1	5	0.0498648
NIAPY	MonarchButterflyOptimization	5	2.20959
NIAPY	CenterParticleSwarmOptimization	5	0.039447
NIAPY	DynNpDifferentialEvolution	5	0.852029
NIAPY	CamelAlgorithm	5	0.264988
NIAPY	BatAlgorithm	5	0.602215
NIAPY	GlowwormSwarmOptimization	5	4.16669
NIAPY	BareBonesFireworksAlgorithm	5	0.413015
NIAPY	CuckooSearch	5	8.20625e-09
NIAPY	GeneticAlgorithm	5	0.985221
NIAPY	ParticleSwarmAlgorithm	5	0.0108781
NIAPY	MonkeyKingEvolutionV3	5	1.68022
NIAPY	MonkeyKingEvolutionV2	5	0.000665788
NIAPY	SineCosineAlgorithm	5	16.8108
NIAPY	EvolutionStrategy1p1	5	0.2969
NIAPY	HarrisHawksOptimization	5	0.113206
NIAPY	ParticleSwarmOptimization	5	1.03505
NIAPY	ForestOptimizationAlgorithm	5	0.0515432
NIAPY	EnhancedFireworksAlgorithm	5	0.0384296
NIAPY	MultiStrategyDifferentialEvolution	5	2.33816e-07
NIAPY	MutatedParticleSwarmOptimization	5	0.043127
NIAPY	ComprehensiveLearningParticleSwarmOptimizer	5	0.00533994
NIAPY	KrillHerd	5	3.54787
NIAPY	FishSchoolSearch	5	0.115103
NIAPY	MutatedCenterUnifiedParticleSwarmOptimization	5	0.0444902
NIAPY	MutatedCenterParticleSwarmOptimization	5	0.0247032
NIAPY	GlowwormSwarmOptimizationV2	5	4.51584
NIAPY	CatSwarmOptimization	5	0.169543
NIAPY	DifferentialEvolution	5	1.24304e-10
NIAPY	FireworksAlgorithm	5	0.0675644
NIAPY	MothFlameOptimizer	5	2.15983
NIAPY	DynNpMultiStrategyDifferentialEvolution	5	0.0333925
NIAPY	EvolutionStrategyML	5	0.266689
NIAPY	GreyWolfOptimizer	5	0.0412097
NIAPY	HarmonySearchV1	5	0.25119
NIAPY	BeesAlgorithm	5	0.238105
NIAPY	GlowwormSwarmOptimizationV1	5	4.44257
NIAPY	GlowwormSwarmOptimizationV3	5	4.24545
NIAPY	LionOptimizationAlgorithm	5	0.119838
NIAPY	ArtificialBeeColonyAlgorithm	5	0.00978817
NIAPY	AgingNpDifferentialEvolution	5	0.583541
NIAPY	OppositionVelocityClampingParticleSwarmOptimization	5	1.49597
NIAPY	CoralReefsOptimization	5	1.46168
NIAPY	BacterialForagingOptimization	5	0.150964
NIAPY	DynamicFireworksAlgorithmGauss	5	0.0605767
NIAPY	ClonalSelectionAlgorithm	5	1.94219
NIAPY	GravitationalSearchAlgorithm	5	4.11464
NIAPY	MonkeyKingEvolutionV1	5	0.105773
NIAPY	EvolutionStrategyMpL	5	0.0166988
NIAPY	FireflyAlgorithm	5	0.00832558
NIAPY	FlowerPollinationAlgorithm	5	1.0948e-06
OPYTIMIZER	SA	5	0.1506
OPYTIMIZER	GOGHS	5	0.650556
OPYTIMIZER	QSA	5	0
OPYTIMIZER	SGHS	5	0.206147
OPYTIMIZER	DE	5	0
OPYTIMIZER	RFO	5	0.0167116
OPYTIMIZER	PPA	5	0.391532
OPYTIMIZER	EHO	5	0.441556
OPYTIMIZER	AEO	5	8.43074e-06
OPYTIMIZER	ABO	5	0.00176887
OPYTIMIZER	GHS	5	0.433495
OPYTIMIZER	PVS	5	0.572932
OPYTIMIZER	BWO	5	1.23286
OPYTIMIZER	PSO	5	0.0611464
OPYTIMIZER	BSO	5	0.677938
OPYTIMIZER	CSA	5	0.735542
OPYTIMIZER	SSO	5	1.64648
OPYTIMIZER	WOA	5	0.240082
OPYTIMIZER	BA	5	0.811634
OPYTIMIZER	HS	5	0.409897
OPYTIMIZER	JS	5	0.878145
OPYTIMIZER	SOS	5	0
OPYTIMIZER	GS	5	13.5823
OPYTIMIZER	EFO	5	0.113007
OPYTIMIZER	GSA	5	8.81814
OPYTIMIZER	ESA	5	1.67529
OPYTIMIZER	BOA	5	12.0781
OPYTIMIZER	HC	5	1.74496
OPYTIMIZER	ABC	5	0.102379
OPYTIMIZER	RRA	5	0.11903
OPYTIMIZER	NDS	5	13.5823
OPYTIMIZER	NBJS	5	0.850541
OPYTIMIZER	SSD	5	7.29269
OPYTIMIZER	CEM	5	1.55335
OPYTIMIZER	AOA	5	1.28719
OPYTIMIZER	MRFO	5	0.0362997
OPYTIMIZER	ASO	5	27.7884
OPYTIMIZER	SFO	5	1.77946
OPYTIMIZER	IHS	5	0.503224
OPYTIMIZER	COA	5	0
OPYTIMIZER	GOA	5	0.106016
OPYTIMIZER	STOA	5	2.90447
OPYTIMIZER	MVPA	5	0.589483
OPYTIMIZER	ES	5	0.203454
OPYTIMIZER	AIWPSO	5	0.192132
OPYTIMIZER	ISA	5	6.82513
OPYTIMIZER	EO	5	0.0140936
OPYTIMIZER	AF	5	49.3305
OPYTIMIZER	DOA	5	0.0247552
OPYTIMIZER	PIO	5	1.06508
OPYTIMIZER	HHO	5	0.0951449
OPYTIMIZER	BSA	5	0.0410102
OPYTIMIZER	TEO	5	1.29819
OPYTIMIZER	FA	5	9.92962
OPYTIMIZER	WWO	5	0.0615044
OPYTIMIZER	IWO	5	0.0065955
OPYTIMIZER	KH	5	0.0391364
OPYTIMIZER	FOA	5	0.131675
OPYTIMIZER	RPSO	5	0.029407
OPYTIMIZER	SCA	5	1.46134
OPYTIMIZER	OSA	5	2.43611
OPYTIMIZER	WDO	5	5.87342
OPYTIMIZER	LSA	5	0.0423428
OPYTIMIZER	VPSO	5	0.0292398
OPYTIMIZER	SBO	5	0.197146
OPYTIMIZER	GA	5	0.0342785
OPYTIMIZER	MFO	5	0.491328
OPYTIMIZER	CS	5	0
OPYTIMIZER	FSO	5	1.07624
OPYTIMIZER	NGHS	5	1.30972
OPYTIMIZER	GCO	5	5.30528e-09
OPYTIMIZER	TWO	5	0.204353
OPYTIMIZER	WEO	5	1.34142e-09
OPYTIMIZER	GWO	5	0.382639
OPYTIMIZER	SAVPSO	5	0.000404523
OPYTIMIZER	FFOA	5	5.72105
OPYTIMIZER	AIG	5	0.0271448
OPYTIMIZER	BH	5	0.480204
OPYTIMIZER	CI	5	1.19773
OPYTIMIZER	SSA	5	0.0406795
OPYTIMIZER	AO	5	1.63117
OPYTIMIZER	MVO	5	0.110921
mealpy	LevyTWO	5	0.11016
mealpy	OriginalTLO	5	0.000197637
mealpy	GWO	5	0.565419
mealpy	OriginalBBO	5	0.208495
mealpy	ABFO	5	1.10516
mealpy	OriginalWHO	5	0.0726186
mealpy	OriginalFFA	5	0.755277
mealpy	BaseSARO	5	0
mealpy	OriginalSMA	5	0.387242
mealpy	SingleGA	5	1.7825
mealpy	OriginalSSDO	5	1.25429
mealpy	OriginalFPA	5	1.33605e-05
mealpy	OriginalSSO	5	1.39294
mealpy	OriginalMA	5	0.913618
mealpy	OriginalCEM	5	0.388824
mealpy	OCRO	5	0.121386
mealpy	OriginalBA	5	8.37566
mealpy	OriginalAEO	5	0.154861
mealpy	OriginalBSO	5	0.248866
mealpy	OriginalBFO	5	2.20656
mealpy	ImprovedSLO	5	0.283041
mealpy	OriginalLCO	5	0.483913
mealpy	OriginalHGS	5	0.327646
mealpy	BaseALO	5	0.632629
mealpy	CPSO	5	1.01095
mealpy	OriginalEO	5	0.00496689
mealpy	DE	5	2.16786
mealpy	ModifiedBA	5	0.340891
mealpy	BaseTLO	5	0.00036455
mealpy	OriginalPFA	5	1.99172
mealpy	BaseFOA	5	6.09819
mealpy	OriginalGBO	5	0.00781432
mealpy	TVAC	5	0.00873415
mealpy	BaseFBIO	5	0.00016122
mealpy	ImprovedBSO	5	0.431976
mealpy	OriginalAO	5	2.2742
mealpy	BaseGSKA	5	2.50485e-05
mealpy	BaseLCO	5	0.369435
mealpy	OriginalSSpiderA	5	1.47177
mealpy	BaseHS	5	0.17483
mealpy	AdaptiveEO	5	0.00693161
mealpy	OriginalWCA	5	0.216182
mealpy	OriginalMRFO	5	0.114637
mealpy	OriginalEOA	5	0.674618
mealpy	OriginalABC	5	0.0702763
mealpy	ModifiedAEO	5	0.166884
mealpy	OriginalSFO	5	1.34295
mealpy	BaseBBO	5	0.291371
mealpy	OriginalNMRA	5	5.85368e-10
mealpy	OriginalACOR	5	0.0280484
mealpy	ImprovedSFO	5	1.05465
mealpy	OriginalCRO	5	0.131327
mealpy	LevyJA	5	0.109946
mealpy	OriginalHS	5	0.087501
mealpy	OriginalCSO	5	1.05605
mealpy	OriginalCOA	5	0.163215
mealpy	LevyQSA	5	8.9823e-06
mealpy	OppoQSA	5	2.83152e-06
mealpy	BaseBRO	5	1.07247
mealpy	OriginalSLO	5	0.663963
mealpy	OriginalMVO	5	0.061339
mealpy	CLPSO	5	0.0307859
mealpy	OriginalNRO	5	6.90717e-07
mealpy	BaseSCA	5	0.343265
mealpy	BaseGCO	5	0.00276984
mealpy	OriginalArchOA	5	0.21228
mealpy	SwarmHC	5	0.0727653
mealpy	ImprovedTLO	5	0.423263
mealpy	OriginalMSA	5	0.0226721
mealpy	WOA	5	0.232126
mealpy	OriginalIWO	5	0.313516
mealpy	BaseGA	5	0.15382
mealpy	ModifiedEO	5	0.0501434
mealpy	ImprovedNMRA	5	0.28795
mealpy	BaseCHIO	5	1.6137
mealpy	OriginalHHO	5	0.347339
mealpy	OriginalGWO	5	0.227705
mealpy	ImprovedQSA	5	3.07381e-05
mealpy	OriginalFBIO	5	0.000372414
mealpy	OriginalBeesA	5	0.0213761
mealpy	BaseEFO	5	0
mealpy	OriginalSA	5	0.0723802
mealpy	OriginalHC	5	2.134
mealpy	OriginalSHO	5	0.78098
mealpy	JADE	5	0
mealpy	OriginalCA	5	1.12869
mealpy	EnhancedTWO	5	0.0712359
mealpy	BaseSSA	5	0.400455
mealpy	OriginalAOA	5	6.3915
mealpy	OriginalQSA	5	2.85425e-08
mealpy	OriginalGOA	5	0.0376101
mealpy	EnhancedAEO	5	0.242633
mealpy	OriginalGSKA	5	0.000101805
mealpy	PPSO	5	0.414209
mealpy	OriginalCGO	5	0.164039
mealpy	OriginalHGSO	5	0.876638
mealpy	OriginalSBO	5	0.163127
mealpy	OppoTWO	5	0.129437
mealpy	OriginalASO	5	4.94427
mealpy	ModifiedSLO	5	0.38182
mealpy	BaseVCS	5	0
mealpy	LSHADE	5	0
mealpy	OriginalEFO	5	1.51796
mealpy	OriginalJA	5	1.44753
mealpy	OriginalGCO	5	0.000320073
mealpy	OriginalPSS	5	0.121995
mealpy	OriginalEHO	5	0.651182
mealpy	OriginalSSA	5	0.466938
mealpy	OriginalSCA	5	0.356162
mealpy	OriginalBES	5	0.316026
mealpy	BaseSBO	5	0.195779
mealpy	BaseJA	5	0.144484
mealpy	OriginalSARO	5	0
mealpy	OriginalSRSR	5	0.0696633
mealpy	OriginalTWO	5	0.00164591
mealpy	OriginalWDO	5	2.84498
mealpy	AugmentedAEO	5	0.181204
mealpy	OriginalWOA	5	0.347792
mealpy	SADE	5	0
mealpy	OriginalBRO	5	1.42653
mealpy	OriginalSSpiderO	5	1.06811
mealpy	ProbBeesA	5	0.77593
mealpy	OriginalFA	5	0.219871
mealpy	OriginalCSA	5	1.34082
mealpy	OriginalALO	5	0.624785
mealpy	OriginalDO	5	0.780256
mealpy	OriginalCHIO	5	1.0096
mealpy	OriginalBSA	5	0.1535
mealpy	LevyEP	5	0.105255
mealpy	OriginalICA	5	0.220141
mealpy	ImprovedLCO	5	0.538511
mealpy	OriginalMFO	5	2.12347
mealpy	ImprovedAEO	5	0.184437
mealpy	OriginalVCS	5	0.483004
mealpy	AdaptiveBA	5	5.45039
mealpy	MultiGA	5	1.5029
mealpy	OriginalES	5	0.205448
mealpy	LevyES	5	0.0439529
mealpy	OriginalEP	5	1.19385
mealpy	BaseSMA	5	0.075287
mealpy	OriginalPSO	5	3.66064
mealpy	FBUDGETSHADE	5	0
mealpy	OriginalFOA	5	6.01066
mealpy	BaseQSA	5	1.0514e-06
mealpy	BaseMFO	5	0.0127564
mealpy	BaseDE	5	0
mealpy	WhaleFOA	5	7.95881
Baselines	DE	10	0.0502374
Baselines	RCobyla	10	0.131904
Baselines	PSO	10	3.58643
Baselines	RandomSearch	10	0.999655
Baselines	DiagonalCMA	10	0.00418406
Baselines	modcma	10	0.00154253
Baselines	modde	10	0.00225405
Baselines	OnePlusOne	10	0.328145
Baselines	Powell	10	0.0114043
Baselines	MultiBFGS	10	1.21147e-06
Baselines	lshade	10	0
Baselines	bipop	10	0
EVOLOPY	DE	10	0.00926189
EVOLOPY	JAYA	10	0.426394
EVOLOPY	PSO	10	0.293099
EVOLOPY	WOA	10	0.437888
EVOLOPY	FFA	10	0.0440287
EVOLOPY	BAT	10	1.19268
EVOLOPY	MVO	10	0.0249238
EVOLOPY	HHO	10	0.430745
EVOLOPY	SCA	10	0.498603
EVOLOPY	GA	10	0.184677
EVOLOPY	MFO	10	0.277983
EVOLOPY	CS	10	0.0139232
EVOLOPY	GWO	10	0.121428
EVOLOPY	SSA	10	0.0578588
NIAPY	DynamicFireworksAlgorithm	10	0.036478
NIAPY	HarmonySearch	10	0.181722
NIAPY	EvolutionStrategyMp1	10	0.0370325
NIAPY	MonarchButterflyOptimization	10	1.32984
NIAPY	CenterParticleSwarmOptimization	10	0.0673301
NIAPY	DynNpDifferentialEvolution	10	0.549476
NIAPY	CamelAlgorithm	10	0.303597
NIAPY	BatAlgorithm	10	0.304152
NIAPY	GlowwormSwarmOptimization	10	2.6545
NIAPY	BareBonesFireworksAlgorithm	10	0.320774
NIAPY	CuckooSearch	10	0.0012554
NIAPY	GeneticAlgorithm	10	1.00983
NIAPY	ParticleSwarmAlgorithm	10	0.024441
NIAPY	MonkeyKingEvolutionV3	10	0.789255
NIAPY	MonkeyKingEvolutionV2	10	0.01341
NIAPY	SineCosineAlgorithm	10	5.64504
NIAPY	EvolutionStrategy1p1	10	0.172402
NIAPY	HarrisHawksOptimization	10	0.126622
NIAPY	ParticleSwarmOptimization	10	1.01578
NIAPY	ForestOptimizationAlgorithm	10	0.0339525
NIAPY	EnhancedFireworksAlgorithm	10	0.0220657
NIAPY	MultiStrategyDifferentialEvolution	10	0.0169293
NIAPY	MutatedParticleSwarmOptimization	10	0.0758864
NIAPY	ComprehensiveLearningParticleSwarmOptimizer	10	0.014433
NIAPY	KrillHerd	10	2.38558
NIAPY	FishSchoolSearch	10	0.053351
NIAPY	MutatedCenterUnifiedParticleSwarmOptimization	10	0.0689948
NIAPY	MutatedCenterParticleSwarmOptimization	10	0.0403195
NIAPY	GlowwormSwarmOptimizationV2	10	2.73559
NIAPY	CatSwarmOptimization	10	0.151451
NIAPY	DifferentialEvolution	10	0.0205027
NIAPY	FireworksAlgorithm	10	0.0556286
NIAPY	MothFlameOptimizer	10	1.66455
NIAPY	DynNpMultiStrategyDifferentialEvolution	10	0.101135
NIAPY	EvolutionStrategyML	10	0.275512
NIAPY	GreyWolfOptimizer	10	0.0503658
NIAPY	HarmonySearchV1	10	0.353227
NIAPY	BeesAlgorithm	10	0.647028
NIAPY	GlowwormSwarmOptimizationV1	10	2.7368
NIAPY	GlowwormSwarmOptimizationV3	10	2.64036
NIAPY	LionOptimizationAlgorithm	10	0.17302
NIAPY	ArtificialBeeColonyAlgorithm	10	0.00795571
NIAPY	AgingNpDifferentialEvolution	10	0.798464
NIAPY	OppositionVelocityClampingParticleSwarmOptimization	10	1.48825
NIAPY	CoralReefsOptimization	10	1.52692
NIAPY	BacterialForagingOptimization	10	0.106318
NIAPY	DynamicFireworksAlgorithmGauss	10	0.0501902
NIAPY	ClonalSelectionAlgorithm	10	1.52897
NIAPY	GravitationalSearchAlgorithm	10	2.43408
NIAPY	MonkeyKingEvolutionV1	10	0.244902
NIAPY	EvolutionStrategyMpL	10	0.017903
NIAPY	FireflyAlgorithm	10	0.00489278
NIAPY	FlowerPollinationAlgorithm	10	4.78051e-05
OPYTIMIZER	SA	10	0.0494178
OPYTIMIZER	GOGHS	10	0.545339
OPYTIMIZER	QSA	10	0.00307196
OPYTIMIZER	SGHS	10	0.135121
OPYTIMIZER	DE	10	6.01772e-10
OPYTIMIZER	RFO	10	0.0253925
OPYTIMIZER	PPA	10	0.329722
OPYTIMIZER	EHO	10	0.507218
OPYTIMIZER	AEO	10	0.0278908
OPYTIMIZER	ABO	10	0.00271085
OPYTIMIZER	GHS	10	0.493835
OPYTIMIZER	PVS	10	1.12094
OPYTIMIZER	BWO	10	0.557961
OPYTIMIZER	PSO	10	0.215151
OPYTIMIZER	BSO	10	0.668407
OPYTIMIZER	CSA	10	0.71252
OPYTIMIZER	SSO	10	0.826514
OPYTIMIZER	WOA	10	0.262754
OPYTIMIZER	BA	10	0.775938
OPYTIMIZER	HS	10	0.356254
OPYTIMIZER	JS	10	0.748922
OPYTIMIZER	SOS	10	0.00529608
OPYTIMIZER	GS	10	5.0335
OPYTIMIZER	EFO	10	0.0804557
OPYTIMIZER	GSA	10	3.93634
OPYTIMIZER	ESA	10	1.38208
OPYTIMIZER	BOA	10	5.24426
OPYTIMIZER	HC	10	1.6266
OPYTIMIZER	ABC	10	0.639251
OPYTIMIZER	RRA	10	0.02497
OPYTIMIZER	NDS	10	5.0335
OPYTIMIZER	NBJS	10	0.763132
OPYTIMIZER	SSD	10	2.91693
OPYTIMIZER	CEM	10	1.34801
OPYTIMIZER	AOA	10	1.02658
OPYTIMIZER	MRFO	10	0.0373986
OPYTIMIZER	ASO	10	9.19867
OPYTIMIZER	SFO	10	1.41913
OPYTIMIZER	IHS	10	0.469169
OPYTIMIZER	COA	10	0.00625982
OPYTIMIZER	GOA	10	0.0908068
OPYTIMIZER	STOA	10	2.01206
OPYTIMIZER	MVPA	10	0.933239
OPYTIMIZER	ES	10	0.296339
OPYTIMIZER	AIWPSO	10	0.346613
OPYTIMIZER	ISA	10	3.13375
OPYTIMIZER	EO	10	0.0273465
OPYTIMIZER	AF	10	16.0866
OPYTIMIZER	DOA	10	0.0920572
OPYTIMIZER	PIO	10	1.28658
OPYTIMIZER	HHO	10	0.10055
OPYTIMIZER	BSA	10	0.021345
OPYTIMIZER	TEO	10	1.08043
OPYTIMIZER	FA	10	4.54165
OPYTIMIZER	WWO	10	0.0893604
OPYTIMIZER	IWO	10	0.0247259
OPYTIMIZER	KH	10	0.0491004
OPYTIMIZER	FOA	10	0.0924209
OPYTIMIZER	RPSO	10	0.0611171
OPYTIMIZER	SCA	10	1.34177
OPYTIMIZER	OSA	10	1.5635
OPYTIMIZER	WDO	10	2.87641
OPYTIMIZER	LSA	10	0.0613382
OPYTIMIZER	VPSO	10	0.098299
OPYTIMIZER	SBO	10	0.0899415
OPYTIMIZER	GA	10	0.0134557
OPYTIMIZER	MFO	10	0.740544
OPYTIMIZER	CS	10	0
OPYTIMIZER	FSO	10	1.29847
OPYTIMIZER	NGHS	10	0.832111
OPYTIMIZER	GCO	10	0.0493072
OPYTIMIZER	TWO	10	0.253765
OPYTIMIZER	WEO	10	1.2012e-06
OPYTIMIZER	GWO	10	0.598449
OPYTIMIZER	SAVPSO	10	0.0167441
OPYTIMIZER	FFOA	10	3.21836
OPYTIMIZER	AIG	10	0.0922064
OPYTIMIZER	BH	10	0.448811
OPYTIMIZER	CI	10	0.976006
OPYTIMIZER	SSA	10	0.0394936
OPYTIMIZER	AO	10	1.38967
OPYTIMIZER	MVO	10	0.0896718
mealpy	LevyTWO	10	0.084343
mealpy	OriginalTLO	10	0.0219888
mealpy	GWO	10	0.637028
mealpy	OriginalBBO	10	0.0851303
mealpy	ABFO	10	1.03127
mealpy	OriginalWHO	10	0.071644
mealpy	OriginalFFA	10	1.00408
mealpy	BaseSARO	10	0.0394878
mealpy	OriginalSMA	10	0.200537
mealpy	SingleGA	10	0.723667
mealpy	OriginalSSDO	10	1.05316
mealpy	OriginalFPA	10	0.00141716
mealpy	OriginalSSO	10	0.900449
mealpy	OriginalMA	10	0.9489
mealpy	OriginalCEM	10	0.336491
mealpy	OCRO	10	0.183199
mealpy	OriginalBA	10	3.9874
mealpy	OriginalAEO	10	0.282716
mealpy	OriginalBSO	10	0.224523
mealpy	OriginalBFO	10	1.64253
mealpy	ImprovedSLO	10	0.34603
mealpy	OriginalLCO	10	0.771503
mealpy	OriginalHGS	10	0.317301
mealpy	BaseALO	10	0.0760352
mealpy	CPSO	10	1.04965
mealpy	OriginalEO	10	0.0201499
mealpy	DE	10	1.89432
mealpy	ModifiedBA	10	0.254582
mealpy	BaseTLO	10	0.0244907
mealpy	OriginalPFA	10	1.13531
mealpy	BaseFOA	10	2.95718
mealpy	OriginalGBO	10	0.0546036
mealpy	TVAC	10	0.0399284
mealpy	BaseFBIO	10	0.0123473
mealpy	ImprovedBSO	10	0.363327
mealpy	OriginalAO	10	1.99954
mealpy	BaseGSKA	10	0.00453426
mealpy	BaseLCO	10	0.661693
mealpy	OriginalSSpiderA	10	1.55502
mealpy	BaseHS	10	0.0720292
mealpy	AdaptiveEO	10	0.0261673
mealpy	OriginalWCA	10	0.2798
mealpy	OriginalMRFO	10	0.220529
mealpy	OriginalEOA	10	0.551156
mealpy	OriginalABC	10	0.157862
mealpy	ModifiedAEO	10	0.217665
mealpy	OriginalSFO	10	1.26221
mealpy	BaseBBO	10	0.0958494
mealpy	OriginalNMRA	10	0.00781805
mealpy	OriginalACOR	10	0.0178134
mealpy	ImprovedSFO	10	1.10396
mealpy	OriginalCRO	10	0.0555009
mealpy	LevyJA	10	0.154015
mealpy	OriginalHS	10	0.0426344
mealpy	OriginalCSO	10	1.04456
mealpy	OriginalCOA	10	0.127029
mealpy	LevyQSA	10	0.0225468
mealpy	OppoQSA	10	0.0143416
mealpy	BaseBRO	10	1.07769
mealpy	OriginalSLO	10	0.626177
mealpy	OriginalMVO	10	0.0280539
mealpy	CLPSO	10	0.0372647
mealpy	OriginalNRO	10	5.72748e-05
mealpy	BaseSCA	10	0.366088
mealpy	BaseGCO	10	0.138485
mealpy	OriginalArchOA	10	0.451033
mealpy	SwarmHC	10	0.0382608
mealpy	ImprovedTLO	10	0.907551
mealpy	OriginalMSA	10	0.0208842
mealpy	WOA	10	0.258044
mealpy	OriginalIWO	10	0.29041
mealpy	BaseGA	10	0.0768238
mealpy	ModifiedEO	10	0.0762612
mealpy	ImprovedNMRA	10	0.120578
mealpy	BaseCHIO	10	1.41588
mealpy	OriginalHHO	10	0.284013
mealpy	OriginalGWO	10	0.379836
mealpy	ImprovedQSA	10	0.0163111
mealpy	OriginalFBIO	10	0.0196985
mealpy	OriginalBeesA	10	0.0457703
mealpy	BaseEFO	10	0.0286299
mealpy	OriginalSA	10	0.0531061
mealpy	OriginalHC	10	1.57953
mealpy	OriginalSHO	10	0.906022
mealpy	JADE	10	0
mealpy	OriginalCA	10	0.857883
mealpy	EnhancedTWO	10	0.0443255
mealpy	BaseSSA	10	0.329432
mealpy	OriginalAOA	10	2.94396
mealpy	OriginalQSA	10	0.00418564
mealpy	OriginalGOA	10	0.217268
mealpy	EnhancedAEO	10	0.304821
mealpy	OriginalGSKA	10	0.00372451
mealpy	PPSO	10	0.445438
mealpy	OriginalCGO	10	0.43931
mealpy	OriginalHGSO	10	0.895387
mealpy	OriginalSBO	10	0.0922948
mealpy	OppoTWO	10	0.0869031
mealpy	OriginalASO	10	3.08297
mealpy	ModifiedSLO	10	0.407013
mealpy	BaseVCS	10	0.0145019
mealpy	LSHADE	10	7.13317e-14
mealpy	OriginalEFO	10	0.95847
mealpy	OriginalJA	10	1.27194
mealpy	OriginalGCO	10	0.138206
mealpy	OriginalPSS	10	0.177539
mealpy	OriginalEHO	10	0.665637
mealpy	OriginalSSA	10	0.337262
mealpy	OriginalSCA	10	0.379632
mealpy	OriginalBES	10	0.730821
mealpy	BaseSBO	10	0.150176
mealpy	BaseJA	10	0.146391
mealpy	OriginalSARO	10	6.51618e-05
mealpy	OriginalSRSR	10	0.0723903
mealpy	OriginalTWO	10	0.0144703
mealpy	OriginalWDO	10	1.80541
mealpy	AugmentedAEO	10	0.120968
mealpy	OriginalWOA	10	0.333194
mealpy	SADE	10	2.77781e-05
mealpy	OriginalBRO	10	1.2822
mealpy	OriginalSSpiderO	10	0.849476
mealpy	ProbBeesA	10	0.872886
mealpy	OriginalFA	10	0.178274
mealpy	OriginalCSA	10	1.12866
mealpy	OriginalALO	10	0.0778048
mealpy	OriginalDO	10	0.531992
mealpy	OriginalCHIO	10	0.988683
mealpy	OriginalBSA	10	0.29262
mealpy	LevyEP	10	0.132449
mealpy	OriginalICA	10	0.211602
mealpy	ImprovedLCO	10	0.56509
mealpy	OriginalMFO	10	1.60533
mealpy	ImprovedAEO	10	0.34219
mealpy	OriginalVCS	10	0.788018
mealpy	AdaptiveBA	10	3.23311
mealpy	MultiGA	10	0.583406
mealpy	OriginalES	10	0.212077
mealpy	LevyES	10	0.0348428
mealpy	OriginalEP	10	1.44787
mealpy	BaseSMA	10	0.0559093
mealpy	OriginalPSO	10	2.40534
mealpy	FBUDGETSHADE	10	0
mealpy	OriginalFOA	10	2.87584
mealpy	BaseQSA	10	0.0279691
mealpy	BaseMFO	10	0.0421127
mealpy	BaseDE	10	9.94574e-10
mealpy	WhaleFOA	10	3.07055
Baselines	DE	20	0.0814011
Baselines	RCobyla	20	0.0459961
Baselines	PSO	20	2.41168
Baselines	RandomSearch	20	1.00627
Baselines	DiagonalCMA	20	0.0106023
Baselines	modcma	20	0.000346431
Baselines	modde	20	0.0180406
Baselines	OnePlusOne	20	0.129724
Baselines	Powell	20	0.00982514
Baselines	MultiBFGS	20	0.000208834
Baselines	lshade	20	1.87355e-09
Baselines	bipop	20	0
EVOLOPY	DE	20	0.0172437
EVOLOPY	JAYA	20	0.42838
EVOLOPY	PSO	20	0.407664
EVOLOPY	WOA	20	0.357016
EVOLOPY	FFA	20	0.0456572
EVOLOPY	BAT	20	1.01241
EVOLOPY	MVO	20	0.0336682
EVOLOPY	HHO	20	0.361079
EVOLOPY	SCA	20	0.535452
EVOLOPY	GA	20	0.206047
EVOLOPY	MFO	20	0.382394
EVOLOPY	CS	20	0.0231574
EVOLOPY	GWO	20	0.143307
EVOLOPY	SSA	20	0.0593592
NIAPY	DynamicFireworksAlgorithm	20	0.0180719
NIAPY	HarmonySearch	20	0.285744
NIAPY	EvolutionStrategyMp1	20	0.0216137
NIAPY	MonarchButterflyOptimization	20	1.14635
NIAPY	CenterParticleSwarmOptimization	20	0.0713651
NIAPY	DynNpDifferentialEvolution	20	0.472706
NIAPY	CamelAlgorithm	20	0.394719
NIAPY	BatAlgorithm	20	0.188203
NIAPY	GlowwormSwarmOptimization	20	1.6062
NIAPY	BareBonesFireworksAlgorithm	20	0.257761
NIAPY	CuckooSearch	20	0.00704787
NIAPY	GeneticAlgorithm	20	1.00637
NIAPY	ParticleSwarmAlgorithm	20	0.0299885
NIAPY	MonkeyKingEvolutionV3	20	0.606807
NIAPY	MonkeyKingEvolutionV2	20	0.123257
NIAPY	SineCosineAlgorithm	20	3.24626
NIAPY	EvolutionStrategy1p1	20	0.0971396
NIAPY	HarrisHawksOptimization	20	0.0769065
NIAPY	ParticleSwarmOptimization	20	1.01721
NIAPY	ForestOptimizationAlgorithm	20	0.0152567
NIAPY	EnhancedFireworksAlgorithm	20	0.00782331
NIAPY	MultiStrategyDifferentialEvolution	20	0.0572017
NIAPY	MutatedParticleSwarmOptimization	20	0.0807247
NIAPY	ComprehensiveLearningParticleSwarmOptimizer	20	0.0110245
NIAPY	KrillHerd	20	1.40992
NIAPY	FishSchoolSearch	20	0.025881
NIAPY	MutatedCenterUnifiedParticleSwarmOptimization	20	0.051071
NIAPY	MutatedCenterParticleSwarmOptimization	20	0.0428025
NIAPY	GlowwormSwarmOptimizationV2	20	1.59413
NIAPY	CatSwarmOptimization	20	0.123565
NIAPY	DifferentialEvolution	20	0.0969533
NIAPY	FireworksAlgorithm	20	0.036453
NIAPY	MothFlameOptimizer	20	1.49742
NIAPY	DynNpMultiStrategyDifferentialEvolution	20	0.131958
NIAPY	EvolutionStrategyML	20	0.272382
NIAPY	GreyWolfOptimizer	20	0.0659325
NIAPY	HarmonySearchV1	20	0.444732
NIAPY	BeesAlgorithm	20	0.949066
NIAPY	GlowwormSwarmOptimizationV1	20	1.64003
NIAPY	GlowwormSwarmOptimizationV3	20	1.62728
NIAPY	LionOptimizationAlgorithm	20	0.18682
NIAPY	ArtificialBeeColonyAlgorithm	20	0.00125245
NIAPY	AgingNpDifferentialEvolution	20	0.877356
NIAPY	OppositionVelocityClampingParticleSwarmOptimization	20	1.39122
NIAPY	CoralReefsOptimization	20	1.39931
NIAPY	BacterialForagingOptimization	20	0.0810099
NIAPY	DynamicFireworksAlgorithmGauss	20	0.0155055
NIAPY	ClonalSelectionAlgorithm	20	1.29091
NIAPY	GravitationalSearchAlgorithm	20	1.4823
NIAPY	MonkeyKingEvolutionV1	20	0.352552
NIAPY	EvolutionStrategyMpL	20	0.0170557
NIAPY	FireflyAlgorithm	20	0.00576479
NIAPY	FlowerPollinationAlgorithm	20	0.0154725
OPYTIMIZER	SA	20	0.0267546
OPYTIMIZER	GOGHS	20	0.499966
OPYTIMIZER	QSA	20	0.00367563
OPYTIMIZER	SGHS	20	0.0262312
OPYTIMIZER	DE	20	0.000147341
OPYTIMIZER	RFO	20	0.0258146
OPYTIMIZER	PPA	20	0.308908
OPYTIMIZER	EHO	20	0.510265
OPYTIMIZER	AEO	20	0.042168
OPYTIMIZER	ABO	20	0.000649051
OPYTIMIZER	GHS	20	0.548925
OPYTIMIZER	PVS	20	1.05108
OPYTIMIZER	BWO	20	0.353298
OPYTIMIZER	PSO	20	0.348923
OPYTIMIZER	BSO	20	0.636524
OPYTIMIZER	CSA	20	0.644146
OPYTIMIZER	SSO	20	0.585049
OPYTIMIZER	WOA	20	0.145047
OPYTIMIZER	BA	20	0.700898
OPYTIMIZER	HS	20	0.39273
OPYTIMIZER	JS	20	0.631825
OPYTIMIZER	SOS	20	0.00677921
OPYTIMIZER	GS	20	3.20728
OPYTIMIZER	EFO	20	0.0506082
OPYTIMIZER	GSA	20	1.76726
OPYTIMIZER	ESA	20	1.15171
OPYTIMIZER	BOA	20	2.25501
OPYTIMIZER	HC	20	1.37703
OPYTIMIZER	ABC	20	0.82497
OPYTIMIZER	RRA	20	0.00347023
OPYTIMIZER	NDS	20	3.16371
OPYTIMIZER	NBJS	20	0.638318
OPYTIMIZER	SSD	20	1.70713
OPYTIMIZER	CEM	20	1.13559
OPYTIMIZER	AOA	20	0.915654
OPYTIMIZER	MRFO	20	0.0326952
OPYTIMIZER	ASO	20	4.14236
OPYTIMIZER	SFO	20	0.89195
OPYTIMIZER	IHS	20	0.491598
OPYTIMIZER	COA	20	0.0408018
OPYTIMIZER	GOA	20	0.0880501
OPYTIMIZER	STOA	20	1.411
OPYTIMIZER	MVPA	20	0.978134
OPYTIMIZER	ES	20	0.460579
OPYTIMIZER	AIWPSO	20	0.530543
OPYTIMIZER	ISA	20	1.92685
OPYTIMIZER	EO	20	0.0304469
OPYTIMIZER	AF	20	8.36152
OPYTIMIZER	DOA	20	0.159041
OPYTIMIZER	PIO	20	1.09834
OPYTIMIZER	HHO	20	0.105625
OPYTIMIZER	BSA	20	0.0124506
OPYTIMIZER	TEO	20	0.770248
OPYTIMIZER	FA	20	2.03139
OPYTIMIZER	WWO	20	0.138234
OPYTIMIZER	IWO	20	0.0109692
OPYTIMIZER	KH	20	0.0634201
OPYTIMIZER	FOA	20	0.0264149
OPYTIMIZER	RPSO	20	0.063517
OPYTIMIZER	SCA	20	1.10621
OPYTIMIZER	OSA	20	0.955333
OPYTIMIZER	WDO	20	1.51531
OPYTIMIZER	LSA	20	0.0134281
OPYTIMIZER	VPSO	20	0.122392
OPYTIMIZER	SBO	20	0.0161103
OPYTIMIZER	GA	20	0.0170415
OPYTIMIZER	MFO	20	0.933089
OPYTIMIZER	CS	20	0.000234406
OPYTIMIZER	FSO	20	1.11256
OPYTIMIZER	NGHS	20	0.637492
OPYTIMIZER	GCO	20	0.159887
OPYTIMIZER	TWO	20	0.238776
OPYTIMIZER	WEO	20	0.000172304
OPYTIMIZER	GWO	20	0.672312
OPYTIMIZER	SAVPSO	20	0.00231052
OPYTIMIZER	FFOA	20	1.64083
OPYTIMIZER	AIG	20	0.164341
OPYTIMIZER	BH	20	0.444041
OPYTIMIZER	CI	20	1.04256
OPYTIMIZER	SSA	20	0.0400906
OPYTIMIZER	AO	20	1.21943
OPYTIMIZER	MVO	20	0.02946
mealpy	LevyTWO	20	0.0757101
mealpy	OriginalTLO	20	0.0330895
mealpy	GWO	20	0.641883
mealpy	OriginalBBO	20	0.0124882
mealpy	ABFO	20	1.02908
mealpy	OriginalWHO	20	0.0513126
mealpy	OriginalFFA	20	1.02778
mealpy	BaseSARO	20	0.0288375
mealpy	OriginalSMA	20	0.0461044
mealpy	SingleGA	20	0.335973
mealpy	OriginalSSDO	20	0.930362
mealpy	OriginalFPA	20	0.00368063
mealpy	OriginalSSO	20	0.123317
mealpy	OriginalMA	20	0.96673
mealpy	OriginalCEM	20	0.346198
mealpy	OCRO	20	0.328869
mealpy	OriginalBA	20	2.35142
mealpy	OriginalAEO	20	0.180933
mealpy	OriginalBSO	20	0.195379
mealpy	OriginalBFO	20	1.35734
mealpy	ImprovedSLO	20	0.329329
mealpy	OriginalLCO	20	0.848814
mealpy	OriginalHGS	20	0.132979
mealpy	BaseALO	20	0.0230808
mealpy	CPSO	20	1.02694
mealpy	OriginalEO	20	0.02023
mealpy	DE	20	1.3582
mealpy	ModifiedBA	20	0.13261
mealpy	BaseTLO	20	0.0305301
mealpy	OriginalPFA	20	0.59947
mealpy	BaseFOA	20	1.53906
mealpy	OriginalGBO	20	0.0168846
mealpy	TVAC	20	0.0214173
mealpy	BaseFBIO	20	0.014238
mealpy	ImprovedBSO	20	0.255995
mealpy	OriginalAO	20	1.4297
mealpy	BaseGSKA	20	0.00465029
mealpy	BaseLCO	20	0.742793
mealpy	OriginalSSpiderA	20	1.21892
mealpy	BaseHS	20	0.0129795
mealpy	AdaptiveEO	20	0.025375
mealpy	OriginalWCA	20	0
mealpy	OriginalMRFO	20	0.161234
mealpy	OriginalEOA	20	0.535218
mealpy	OriginalABC	20	0.294935
mealpy	ModifiedAEO	20	0.136976
mealpy	OriginalSFO	20	1.11641
mealpy	BaseBBO	20	0.0126774
mealpy	OriginalNMRA	20	0.0139151
mealpy	OriginalACOR	20	0.00745035
mealpy	ImprovedSFO	20	1.0487
mealpy	OriginalCRO	20	0.0124146
mealpy	LevyJA	20	0.0859976
mealpy	OriginalHS	20	0.011703
mealpy	OriginalCSO	20	1.03701
mealpy	OriginalCOA	20	0.0742305
mealpy	LevyQSA	20	0.0143996
mealpy	OppoQSA	20	0.012404
mealpy	BaseBRO	20	1.02596
mealpy	OriginalSLO	20	0.503992
mealpy	OriginalMVO	20	0.0320751
mealpy	CLPSO	20	0.0263879
mealpy	OriginalNRO	20	0.00123782
mealpy	BaseSCA	20	0.32197
mealpy	BaseGCO	20	0.201543
mealpy	OriginalArchOA	20	0.525611
mealpy	SwarmHC	20	0.0243813
mealpy	ImprovedTLO	20	1.00404
mealpy	OriginalMSA	20	0.00430452
mealpy	WOA	20	0.123876
mealpy	OriginalIWO	20	0.238589
mealpy	BaseGA	20	0.0129847
mealpy	ModifiedEO	20	0.0185679
mealpy	ImprovedNMRA	20	0.0141675
mealpy	BaseCHIO	20	1.24304
mealpy	OriginalHHO	20	0.116347
mealpy	OriginalGWO	20	0.487051
mealpy	ImprovedQSA	20	0.00895312
mealpy	OriginalFBIO	20	0.0292424
mealpy	OriginalBeesA	20	0.0386506
mealpy	BaseEFO	20	0.0111037
mealpy	OriginalSA	20	0.024442
mealpy	OriginalHC	20	1.1314
mealpy	OriginalSHO	20	1.00657
mealpy	JADE	20	5.15315e-05
mealpy	OriginalCA	20	0.760712
mealpy	EnhancedTWO	20	0.0333742
mealpy	BaseSSA	20	0.123315
mealpy	OriginalAOA	20	1.5785
mealpy	OriginalQSA	20	0.00491883
mealpy	OriginalGOA	20	0.486982
mealpy	EnhancedAEO	20	0.218322
mealpy	OriginalGSKA	20	0.0117416
mealpy	PPSO	20	0.349837
mealpy	OriginalCGO	20	0.489503
mealpy	OriginalHGSO	20	0.867108
mealpy	OriginalSBO	20	0.0332482
mealpy	OppoTWO	20	0.0948023
mealpy	OriginalASO	20	2.08603
mealpy	ModifiedSLO	20	0.290871
mealpy	BaseVCS	20	0.0204658
mealpy	LSHADE	20	0.000625504
mealpy	OriginalEFO	20	0.763499
mealpy	OriginalJA	20	1.13564
mealpy	OriginalGCO	20	0.291564
mealpy	OriginalPSS	20	0.22289
mealpy	OriginalEHO	20	0.642743
mealpy	OriginalSSA	20	0.131748
mealpy	OriginalSCA	20	0.307682
mealpy	OriginalBES	20	0.822355
mealpy	BaseSBO	20	0.0674028
mealpy	BaseJA	20	0.152885
mealpy	OriginalSARO	20	0.00521005
mealpy	OriginalSRSR	20	0.0302074
mealpy	OriginalTWO	20	0.0321228
mealpy	OriginalWDO	20	1.20946
mealpy	AugmentedAEO	20	0.0151603
mealpy	OriginalWOA	20	0.252121
mealpy	SADE	20	0.00233605
mealpy	OriginalBRO	20	0.610191
mealpy	OriginalSSpiderO	20	0.558161
mealpy	ProbBeesA	20	0.937861
mealpy	OriginalFA	20	0.167229
mealpy	OriginalCSA	20	0.948034
mealpy	OriginalALO	20	0.00745577
mealpy	OriginalDO	20	0.431638
mealpy	OriginalCHIO	20	1.00427
mealpy	OriginalBSA	20	0.353478
mealpy	LevyEP	20	0.111343
mealpy	OriginalICA	20	0.114578
mealpy	ImprovedLCO	20	0.544089
mealpy	OriginalMFO	20	1.43619
mealpy	ImprovedAEO	20	0.235881
mealpy	OriginalVCS	20	0.81919
mealpy	AdaptiveBA	20	2.21466
mealpy	MultiGA	20	0.260126
mealpy	OriginalES	20	0.173776
mealpy	LevyES	20	0.0111132
mealpy	OriginalEP	20	1.33661
mealpy	BaseSMA	20	0.0310076
mealpy	OriginalPSO	20	1.73725
mealpy	FBUDGETSHADE	20	0.000396603
mealpy	OriginalFOA	20	1.6021
mealpy	BaseQSA	20	0.0350766
mealpy	BaseMFO	20	0.0351202
mealpy	BaseDE	20	0.000188349
mealpy	WhaleFOA	20	1.54228
